<?xml version="1.0" encoding="UTF-8" ?>
<!DOCTYPE mapper PUBLIC "-//mybatis.org//DTD Mapper 3.0//EN" "http://mybatis.org/dtd/mybatis-3-mapper.dtd" >
<mapper namespace="com.shop.mapper.ProductMapper">
	<resultMap id="BaseResultMap" type="com.shop.po.Product">
		<id column="pid" property="pid" jdbcType="INTEGER" />
		<result column="pname" property="pname" jdbcType="VARCHAR" />
		<result column="market_price" property="marketPrice" jdbcType="DOUBLE" />
		<result column="shop_price" property="shopPrice" jdbcType="DOUBLE" />
		<result column="image" property="image" jdbcType="VARCHAR" />
		<result column="pdesc" property="pdesc" jdbcType="VARCHAR" />
		<result column="is_hot" property="isHot" jdbcType="INTEGER" />
		<result column="pdate" property="pdate" jdbcType="TIMESTAMP" />
		<result column="csid" property="csid" jdbcType="INTEGER" />
	</resultMap>
	<sql id="Example_Where_Clause">
		<where>
			<foreach collection="oredCriteria" item="criteria" separator="or">
				<if test="criteria.valid">
					<trim prefix="(" suffix=")" prefixOverrides="and">
						<foreach collection="criteria.criteria" item="criterion">
							<choose>
								<when test="criterion.noValue">
									and ${criterion.condition}
								</when>
								<when test="criterion.singleValue">
									and ${criterion.condition} #{criterion.value}
								</when>
								<when test="criterion.betweenValue">
									and ${criterion.condition} #{criterion.value}
									and
									#{criterion.secondValue}
								</when>
								<when test="criterion.listValue">
									and ${criterion.condition}
									<foreach collection="criterion.value" item="listItem"
										open="(" close=")" separator=",">
										#{listItem}
									</foreach>
								</when>
							</choose>
						</foreach>
					</trim>
				</if>
			</foreach>
		</where>
	</sql>
	<sql id="fenye">
		<if test="beginPage !=null">
			<if test="end !=null">
				limit #{beginPage},#{end}
			</if>
		</if>
	</sql>
	<sql id="Update_By_Example_Where_Clause">
		<where>
			<foreach collection="example.oredCriteria" item="criteria"
				separator="or">
				<if test="criteria.valid">
					<trim prefix="(" suffix=")" prefixOverrides="and">
						<foreach collection="criteria.criteria" item="criterion">
							<choose>
								<when test="criterion.noValue">
									and ${criterion.condition}
								</when>
								<when test="criterion.singleValue">
									and ${criterion.condition} #{criterion.value}
								</when>
								<when test="criterion.betweenValue">
									and ${criterion.condition} #{criterion.value}
									and
									#{criterion.secondValue}
								</when>
								<when test="criterion.listValue">
									and ${criterion.condition}
									<foreach collection="criterion.value" item="listItem"
										open="(" close=")" separator=",">
										#{listItem}
									</foreach>
								</when>
							</choose>
						</foreach>
					</trim>
				</if>
			</foreach>
		</where>
	</sql>
	<sql id="Base_Column_List">
		pid, pname, market_price, shop_price, image, pdesc, is_hot,
		pdate, csid
	</sql>
	<!-- 根据csid查找茶叶的个数 countProducyByCsid-->
	<select id="countProducyByCsid" parameterType="int" resultType="int">
		select count(*) from product where csid=#{value}
	</select>
	<!-- 分页查询所有的茶叶 -->
	<select id="findAllProduct" parameterType="int" resultMap="BaseResultMap">
		select *
		from product order by pdate desc limit #{0},#{1} 
	</select>
	<!-- 根据csid查找茶叶信息 findProductBycsid-->
	<select id="findProductBycsid" parameterType="int" resultMap="BaseResultMap">
		select p.* from product p where p.csid=#{0} limit #{1},#{2}
	</select>
	<!-- 模糊查询 -->
	<select id="searchProduct" parameterType="String" resultMap="BaseResultMap">
		select p.* from product p where p.pname like '%${value}%'
	</select>
	
	<!--根据cid查询所属的所有的茶叶 -->
	<select id="findProductByCid" parameterType="int" resultMap="BaseResultMap">
		select p.* from product p ,category c,categorysecond cs where p.csid=cs.csid
		and cs.cid=c.cid and c.cid= #{0}
		limit #{1},#{2}
	</select>
	<!-- 根据cid查询茶叶的总数 -->
	<select id="countProducyByCid" parameterType="int" resultType="int">
		SELECT COUNT(*) FROM product p,category c,categorysecond cs WHERE
		c.`cid`= cs.`cid` AND cs.`csid`= p.`csid` AND c.`cid`=#{value}
	</select>
	<select id="selectByExample" resultMap="BaseResultMap"
		parameterType="com.shop.po.ProductExample">
		select
		<if test="distinct">
			distinct
		</if>
		<include refid="Base_Column_List" />
		from product
		<if test="_parameter != null">
			<include refid="Example_Where_Clause" />
		</if>
		<if test="orderByClause != null">
			order by ${orderByClause}
		</if>
		<include refid="fenye" />
	</select>
	<select id="selectByPrimaryKey" resultMap="BaseResultMap"
		parameterType="java.lang.Integer">
		select
		<include refid="Base_Column_List" />
		from product
		where pid = #{pid,jdbcType=INTEGER}
	</select>
	<delete id="deleteByPrimaryKey" parameterType="java.lang.Integer">
		delete from
		product
		where pid = #{pid,jdbcType=INTEGER}
	</delete>
	<delete id="deleteByExample" parameterType="com.shop.po.ProductExample">
		delete from product
		<if test="_parameter != null">
			<include refid="Example_Where_Clause" />
		</if>
	</delete>
	<insert id="insert" parameterType="com.shop.po.Product">
		insert into product (pid,
		pname, market_price,
		shop_price, image, pdesc,
		is_hot, pdate, csid
		)
		values (#{pid,jdbcType=INTEGER}, #{pname,jdbcType=VARCHAR},
		#{marketPrice,jdbcType=DOUBLE},
		#{shopPrice,jdbcType=DOUBLE},
		#{image,jdbcType=VARCHAR}, #{pdesc,jdbcType=VARCHAR},
		#{isHot,jdbcType=INTEGER}, #{pdate,jdbcType=TIMESTAMP},
		#{csid,jdbcType=INTEGER}
		)
	</insert>
	<insert id="insertSelective" parameterType="com.shop.po.Product">
		insert into product
		<trim prefix="(" suffix=")" suffixOverrides=",">
			<if test="pid != null">
				pid,
			</if>
			<if test="pname != null">
				pname,
			</if>
			<if test="marketPrice != null">
				market_price,
			</if>
			<if test="shopPrice != null">
				shop_price,
			</if>
			<if test="image != null">
				image,
			</if>
			<if test="pdesc != null">
				pdesc,
			</if>
			<if test="isHot != null">
				is_hot,
			</if>
			<if test="pdate != null">
				pdate,
			</if>
			<if test="csid != null">
				csid,
			</if>
		</trim>
		<trim prefix="values (" suffix=")" suffixOverrides=",">
			<if test="pid != null">
				#{pid,jdbcType=INTEGER},
			</if>
			<if test="pname != null">
				#{pname,jdbcType=VARCHAR},
			</if>
			<if test="marketPrice != null">
				#{marketPrice,jdbcType=DOUBLE},
			</if>
			<if test="shopPrice != null">
				#{shopPrice,jdbcType=DOUBLE},
			</if>
			<if test="image != null">
				#{image,jdbcType=VARCHAR},
			</if>
			<if test="pdesc != null">
				#{pdesc,jdbcType=VARCHAR},
			</if>
			<if test="isHot != null">
				#{isHot,jdbcType=INTEGER},
			</if>
			<if test="pdate != null">
				#{pdate,jdbcType=TIMESTAMP},
			</if>
			<if test="csid != null">
				#{csid,jdbcType=INTEGER},
			</if>
		</trim>
	</insert>
	<select id="countByExample" parameterType="com.shop.po.ProductExample"
		resultType="java.lang.Integer">
		select count(*) from product
		<if test="_parameter != null">
			<include refid="Example_Where_Clause" />
		</if>
	</select>
	<update id="updateByExampleSelective" parameterType="map">
		update product
		<set>
			<if test="record.pid != null">
				pid = #{record.pid,jdbcType=INTEGER},
			</if>
			<if test="record.pname != null">
				pname = #{record.pname,jdbcType=VARCHAR},
			</if>
			<if test="record.marketPrice != null">
				market_price = #{record.marketPrice,jdbcType=DOUBLE},
			</if>
			<if test="record.shopPrice != null">
				shop_price = #{record.shopPrice,jdbcType=DOUBLE},
			</if>
			<if test="record.image != null">
				image = #{record.image,jdbcType=VARCHAR},
			</if>
			<if test="record.pdesc != null">
				pdesc = #{record.pdesc,jdbcType=VARCHAR},
			</if>
			<if test="record.isHot != null">
				is_hot = #{record.isHot,jdbcType=INTEGER},
			</if>
			<if test="record.pdate != null">
				pdate = #{record.pdate,jdbcType=TIMESTAMP},
			</if>
			<if test="record.csid != null">
				csid = #{record.csid,jdbcType=INTEGER},
			</if>
		</set>
		<if test="_parameter != null">
			<include refid="Update_By_Example_Where_Clause" />
		</if>
	</update>
	<update id="updateByExample" parameterType="map">
		update product
		set pid = #{record.pid,jdbcType=INTEGER},
		pname =
		#{record.pname,jdbcType=VARCHAR},
		market_price =
		#{record.marketPrice,jdbcType=DOUBLE},
		shop_price =
		#{record.shopPrice,jdbcType=DOUBLE},
		image =
		#{record.image,jdbcType=VARCHAR},
		pdesc =
		#{record.pdesc,jdbcType=VARCHAR},
		is_hot =
		#{record.isHot,jdbcType=INTEGER},
		pdate =
		#{record.pdate,jdbcType=TIMESTAMP},
		csid =
		#{record.csid,jdbcType=INTEGER}
		<if test="_parameter != null">
			<include refid="Update_By_Example_Where_Clause" />
		</if>
	</update>
	<update id="updateByPrimaryKeySelective" parameterType="com.shop.po.Product">
		update product
		<set>
			<if test="pname != null">
				pname = #{pname,jdbcType=VARCHAR},
			</if>
			<if test="marketPrice != null">
				market_price = #{marketPrice,jdbcType=DOUBLE},
			</if>
			<if test="shopPrice != null">
				shop_price = #{shopPrice,jdbcType=DOUBLE},
			</if>
			<if test="image != null">
				image = #{image,jdbcType=VARCHAR},
			</if>
			<if test="pdesc != null">
				pdesc = #{pdesc,jdbcType=VARCHAR},
			</if>
			<if test="isHot != null">
				is_hot = #{isHot,jdbcType=INTEGER},
			</if>
			<if test="pdate != null">
				pdate = #{pdate,jdbcType=TIMESTAMP},
			</if>
			<if test="csid != null">
				csid = #{csid,jdbcType=INTEGER},
			</if>
		</set>
		where pid = #{pid,jdbcType=INTEGER}
	</update>
	<update id="updateByPrimaryKey" parameterType="com.shop.po.Product">
		update product
		set
		pname = #{pname,jdbcType=VARCHAR},
		market_price =
		#{marketPrice,jdbcType=DOUBLE},
		shop_price =
		#{shopPrice,jdbcType=DOUBLE},
		image = #{image,jdbcType=VARCHAR},
		pdesc =
		#{pdesc,jdbcType=VARCHAR},
		is_hot = #{isHot,jdbcType=INTEGER},
		pdate =
		#{pdate,jdbcType=TIMESTAMP},
		csid = #{csid,jdbcType=INTEGER}
		where pid =
		#{pid,jdbcType=INTEGER}
	</update>
</mapper>